UUID=2d891541-a416-43e5-9f12-e18b1252ca62,1
UUID=2d891541-a416-43e5-9f12-e18b1252ca62,1
UUID=2d891541-a416-43e5-9f12-e18b1252ca62,0
UUID=2d891541-a416-43e5-9f12-e18b1252ca62,0
UUID=2d891541-a416-43e5-9f12-e18b1252ca62,0
UUID=2d891541-a416-43e5-9f12-e18b1252ca62,0
UUID=2d891541-a416-43e5-9f12-e18b1252ca62,32
UUID=2d891541-a416-43e5-9f12-e18b1252ca62,24
UUID=2d891541-a416-43e5-9f12-e18b1252ca62,31
UUID=2d891541-a416-43e5-9f12-e18b1252ca62,37
UUID=2d891541-a416-43e5-9f12-e18b1252ca62,36
UUID=2d891541-a416-43e5-9f12-e18b1252ca62,35
UUID=2d891541-a416-43e5-9f12-e18b1252ca62,34
UUID=2d891541-a416-43e5-9f12-e18b1252ca62,30
UUID=2d891541-a416-43e5-9f12-e18b1252ca62,35
UUID=2d891541-a416-43e5-9f12-e18b1252ca62,36
UUID=2d891541-a416-43e5-9f12-e18b1252ca62,31
UUID=2d891541-a416-43e5-9f12-e18b1252ca62,27
UUID=2d891541-a416-43e5-9f12-e18b1252ca62,30
UUID=2d891541-a416-43e5-9f12-e18b1252ca62,31
UUID=2d891541-a416-43e5-9f12-e18b1252ca62,37
UUID=2d891541-a416-43e5-9f12-e18b1252ca62,31
UUID=2d891541-a416-43e5-9f12-e18b1252ca62,32
UUID=2d891541-a416-43e5-9f12-e18b1252ca62,48
UUID=2d891541-a416-43e5-9f12-e18b1252ca62,44
UUID=2d891541-a416-43e5-9f12-e18b1252ca62,41
UUID=2d891541-a416-43e5-9f12-e18b1252ca62,48
UUID=2d891541-a416-43e5-9f12-e18b1252ca62,47
UUID=2d891541-a416-43e5-9f12-e18b1252ca62,42
UUID=2d891541-a416-43e5-9f12-e18b1252ca62,48
UUID=2d891541-a416-43e5-9f12-e18b1252ca62,45
UUID=2d891541-a416-43e5-9f12-e18b1252ca62,36
UUID=2d891541-a416-43e5-9f12-e18b1252ca62,32
UUID=2d891541-a416-43e5-9f12-e18b1252ca62,34
UUID=2d891541-a416-43e5-9f12-e18b1252ca62,31
UUID=2d891541-a416-43e5-9f12-e18b1252ca62,34
UUID=2d891541-a416-43e5-9f12-e18b1252ca62,70
UUID=2d891541-a416-43e5-9f12-e18b1252ca62,40
UUID=2d891541-a416-43e5-9f12-e18b1252ca62,43
UUID=2d891541-a416-43e5-9f12-e18b1252ca62,36
UUID=2d891541-a416-43e5-9f12-e18b1252ca62,18
UUID=2d891541-a416-43e5-9f12-e18b1252ca62,40
UUID=2d891541-a416-43e5-9f12-e18b1252ca62,26
UUID=2d891541-a416-43e5-9f12-e18b1252ca62,44
UUID=2d891541-a416-43e5-9f12-e18b1252ca62,45
UUID=2d891541-a416-43e5-9f12-e18b1252ca62,41
UUID=2d891541-a416-43e5-9f12-e18b1252ca62,42
UUID=2d891541-a416-43e5-9f12-e18b1252ca62,39
UUID=2d891541-a416-43e5-9f12-e18b1252ca62,50
UUID=2d891541-a416-43e5-9f12-e18b1252ca62,32
UUID=2d891541-a416-43e5-9f12-e18b1252ca62,33
UUID=2d891541-a416-43e5-9f12-e18b1252ca62,50
UUID=2d891541-a416-43e5-9f12-e18b1252ca62,49
UUID=2d891541-a416-43e5-9f12-e18b1252ca62,44
UUID=2d891541-a416-43e5-9f12-e18b1252ca62,40
UUID=2d891541-a416-43e5-9f12-e18b1252ca62,45
UUID=2d891541-a416-43e5-9f12-e18b1252ca62,50
UUID=2d891541-a416-43e5-9f12-e18b1252ca62,43
UUID=2d891541-a416-43e5-9f12-e18b1252ca62,37
UUID=2d891541-a416-43e5-9f12-e18b1252ca62,28
UUID=2d891541-a416-43e5-9f12-e18b1252ca62,33
UUID=2d891541-a416-43e5-9f12-e18b1252ca62,26
UUID=2d891541-a416-43e5-9f12-e18b1252ca62,24
UUID=2d891541-a416-43e5-9f12-e18b1252ca62,27
UUID=2d891541-a416-43e5-9f12-e18b1252ca62,28
UUID=2d891541-a416-43e5-9f12-e18b1252ca62,45
UUID=2d891541-a416-43e5-9f12-e18b1252ca62,47
UUID=2d891541-a416-43e5-9f12-e18b1252ca62,0
UUID=2d891541-a416-43e5-9f12-e18b1252ca62,0
UUID=2d891541-a416-43e5-9f12-e18b1252ca62,0
UUID=2d891541-a416-43e5-9f12-e18b1252ca62,34
UUID=2d891541-a416-43e5-9f12-e18b1252ca62,0
UUID=2d891541-a416-43e5-9f12-e18b1252ca62,0
UUID=2d891541-a416-43e5-9f12-e18b1252ca62,0
UUID=47d1a868-d77a-45bc-be91-e6a1d725f9a3,1
UUID=47d1a868-d77a-45bc-be91-e6a1d725f9a3,2
UUID=47d1a868-d77a-45bc-be91-e6a1d725f9a3,0
UUID=47d1a868-d77a-45bc-be91-e6a1d725f9a3,0
UUID=47d1a868-d77a-45bc-be91-e6a1d725f9a3,0
UUID=47d1a868-d77a-45bc-be91-e6a1d725f9a3,0
UUID=47d1a868-d77a-45bc-be91-e6a1d725f9a3,31
UUID=47d1a868-d77a-45bc-be91-e6a1d725f9a3,35
UUID=47d1a868-d77a-45bc-be91-e6a1d725f9a3,31
UUID=47d1a868-d77a-45bc-be91-e6a1d725f9a3,37
UUID=47d1a868-d77a-45bc-be91-e6a1d725f9a3,37
UUID=47d1a868-d77a-45bc-be91-e6a1d725f9a3,35
UUID=47d1a868-d77a-45bc-be91-e6a1d725f9a3,35
UUID=47d1a868-d77a-45bc-be91-e6a1d725f9a3,31
UUID=47d1a868-d77a-45bc-be91-e6a1d725f9a3,35
UUID=47d1a868-d77a-45bc-be91-e6a1d725f9a3,36
UUID=47d1a868-d77a-45bc-be91-e6a1d725f9a3,32
UUID=47d1a868-d77a-45bc-be91-e6a1d725f9a3,26
UUID=47d1a868-d77a-45bc-be91-e6a1d725f9a3,30
UUID=47d1a868-d77a-45bc-be91-e6a1d725f9a3,31
UUID=47d1a868-d77a-45bc-be91-e6a1d725f9a3,37
UUID=47d1a868-d77a-45bc-be91-e6a1d725f9a3,32
UUID=47d1a868-d77a-45bc-be91-e6a1d725f9a3,32
UUID=47d1a868-d77a-45bc-be91-e6a1d725f9a3,23
UUID=47d1a868-d77a-45bc-be91-e6a1d725f9a3,34
UUID=47d1a868-d77a-45bc-be91-e6a1d725f9a3,36
UUID=47d1a868-d77a-45bc-be91-e6a1d725f9a3,33
UUID=47d1a868-d77a-45bc-be91-e6a1d725f9a3,29
UUID=47d1a868-d77a-45bc-be91-e6a1d725f9a3,29
UUID=47d1a868-d77a-45bc-be91-e6a1d725f9a3,32
UUID=47d1a868-d77a-45bc-be91-e6a1d725f9a3,36
UUID=47d1a868-d77a-45bc-be91-e6a1d725f9a3,45
UUID=47d1a868-d77a-45bc-be91-e6a1d725f9a3,46
UUID=47d1a868-d77a-45bc-be91-e6a1d725f9a3,42
UUID=47d1a868-d77a-45bc-be91-e6a1d725f9a3,46
UUID=47d1a868-d77a-45bc-be91-e6a1d725f9a3,31
UUID=47d1a868-d77a-45bc-be91-e6a1d725f9a3,27
UUID=47d1a868-d77a-45bc-be91-e6a1d725f9a3,59
UUID=47d1a868-d77a-45bc-be91-e6a1d725f9a3,60
UUID=47d1a868-d77a-45bc-be91-e6a1d725f9a3,47
UUID=47d1a868-d77a-45bc-be91-e6a1d725f9a3,19
UUID=47d1a868-d77a-45bc-be91-e6a1d725f9a3,19
UUID=47d1a868-d77a-45bc-be91-e6a1d725f9a3,33
UUID=47d1a868-d77a-45bc-be91-e6a1d725f9a3,32
UUID=47d1a868-d77a-45bc-be91-e6a1d725f9a3,42
UUID=47d1a868-d77a-45bc-be91-e6a1d725f9a3,32
UUID=47d1a868-d77a-45bc-be91-e6a1d725f9a3,27
UUID=47d1a868-d77a-45bc-be91-e6a1d725f9a3,43
UUID=47d1a868-d77a-45bc-be91-e6a1d725f9a3,36
UUID=47d1a868-d77a-45bc-be91-e6a1d725f9a3,42
UUID=47d1a868-d77a-45bc-be91-e6a1d725f9a3,43
UUID=47d1a868-d77a-45bc-be91-e6a1d725f9a3,25
UUID=47d1a868-d77a-45bc-be91-e6a1d725f9a3,17
UUID=47d1a868-d77a-45bc-be91-e6a1d725f9a3,43
UUID=47d1a868-d77a-45bc-be91-e6a1d725f9a3,40
UUID=47d1a868-d77a-45bc-be91-e6a1d725f9a3,45
UUID=47d1a868-d77a-45bc-be91-e6a1d725f9a3,51
UUID=47d1a868-d77a-45bc-be91-e6a1d725f9a3,43
UUID=47d1a868-d77a-45bc-be91-e6a1d725f9a3,40
UUID=47d1a868-d77a-45bc-be91-e6a1d725f9a3,44
UUID=47d1a868-d77a-45bc-be91-e6a1d725f9a3,45
UUID=47d1a868-d77a-45bc-be91-e6a1d725f9a3,42
UUID=47d1a868-d77a-45bc-be91-e6a1d725f9a3,38
UUID=47d1a868-d77a-45bc-be91-e6a1d725f9a3,22
UUID=47d1a868-d77a-45bc-be91-e6a1d725f9a3,22
UUID=47d1a868-d77a-45bc-be91-e6a1d725f9a3,19
UUID=47d1a868-d77a-45bc-be91-e6a1d725f9a3,30
UUID=47d1a868-d77a-45bc-be91-e6a1d725f9a3,88
UUID=47d1a868-d77a-45bc-be91-e6a1d725f9a3,4
UUID=47d1a868-d77a-45bc-be91-e6a1d725f9a3,0
UUID=47d1a868-d77a-45bc-be91-e6a1d725f9a3,34
UUID=47d1a868-d77a-45bc-be91-e6a1d725f9a3,0
UUID=47d1a868-d77a-45bc-be91-e6a1d725f9a3,0
UUID=47d1a868-d77a-45bc-be91-e6a1d725f9a3,0
UUID=6b1e6355-c8a6-422f-b6f9-fa20a72153d4,1
UUID=6b1e6355-c8a6-422f-b6f9-fa20a72153d4,2
UUID=6b1e6355-c8a6-422f-b6f9-fa20a72153d4,0
UUID=6b1e6355-c8a6-422f-b6f9-fa20a72153d4,0
UUID=6b1e6355-c8a6-422f-b6f9-fa20a72153d4,0
UUID=6b1e6355-c8a6-422f-b6f9-fa20a72153d4,0
UUID=6b1e6355-c8a6-422f-b6f9-fa20a72153d4,31
UUID=6b1e6355-c8a6-422f-b6f9-fa20a72153d4,34
UUID=6b1e6355-c8a6-422f-b6f9-fa20a72153d4,30
UUID=6b1e6355-c8a6-422f-b6f9-fa20a72153d4,37
UUID=6b1e6355-c8a6-422f-b6f9-fa20a72153d4,36
UUID=6b1e6355-c8a6-422f-b6f9-fa20a72153d4,35
UUID=6b1e6355-c8a6-422f-b6f9-fa20a72153d4,35
UUID=6b1e6355-c8a6-422f-b6f9-fa20a72153d4,31
UUID=6b1e6355-c8a6-422f-b6f9-fa20a72153d4,35
UUID=6b1e6355-c8a6-422f-b6f9-fa20a72153d4,36
UUID=6b1e6355-c8a6-422f-b6f9-fa20a72153d4,31
UUID=6b1e6355-c8a6-422f-b6f9-fa20a72153d4,26
UUID=6b1e6355-c8a6-422f-b6f9-fa20a72153d4,30
UUID=6b1e6355-c8a6-422f-b6f9-fa20a72153d4,31
UUID=6b1e6355-c8a6-422f-b6f9-fa20a72153d4,37
UUID=6b1e6355-c8a6-422f-b6f9-fa20a72153d4,32
UUID=6b1e6355-c8a6-422f-b6f9-fa20a72153d4,32
UUID=6b1e6355-c8a6-422f-b6f9-fa20a72153d4,22
UUID=6b1e6355-c8a6-422f-b6f9-fa20a72153d4,34
UUID=6b1e6355-c8a6-422f-b6f9-fa20a72153d4,36
UUID=6b1e6355-c8a6-422f-b6f9-fa20a72153d4,32
UUID=6b1e6355-c8a6-422f-b6f9-fa20a72153d4,26
UUID=6b1e6355-c8a6-422f-b6f9-fa20a72153d4,28
UUID=6b1e6355-c8a6-422f-b6f9-fa20a72153d4,31
UUID=6b1e6355-c8a6-422f-b6f9-fa20a72153d4,31
UUID=6b1e6355-c8a6-422f-b6f9-fa20a72153d4,31
UUID=6b1e6355-c8a6-422f-b6f9-fa20a72153d4,33
UUID=6b1e6355-c8a6-422f-b6f9-fa20a72153d4,32
UUID=6b1e6355-c8a6-422f-b6f9-fa20a72153d4,30
UUID=6b1e6355-c8a6-422f-b6f9-fa20a72153d4,23
UUID=6b1e6355-c8a6-422f-b6f9-fa20a72153d4,19
UUID=6b1e6355-c8a6-422f-b6f9-fa20a72153d4,18
UUID=6b1e6355-c8a6-422f-b6f9-fa20a72153d4,23
UUID=6b1e6355-c8a6-422f-b6f9-fa20a72153d4,28
UUID=6b1e6355-c8a6-422f-b6f9-fa20a72153d4,46
UUID=6b1e6355-c8a6-422f-b6f9-fa20a72153d4,55
UUID=6b1e6355-c8a6-422f-b6f9-fa20a72153d4,32
UUID=6b1e6355-c8a6-422f-b6f9-fa20a72153d4,43
UUID=6b1e6355-c8a6-422f-b6f9-fa20a72153d4,28
UUID=6b1e6355-c8a6-422f-b6f9-fa20a72153d4,31
UUID=6b1e6355-c8a6-422f-b6f9-fa20a72153d4,45
UUID=6b1e6355-c8a6-422f-b6f9-fa20a72153d4,32
UUID=6b1e6355-c8a6-422f-b6f9-fa20a72153d4,26
UUID=6b1e6355-c8a6-422f-b6f9-fa20a72153d4,31
UUID=6b1e6355-c8a6-422f-b6f9-fa20a72153d4,33
UUID=6b1e6355-c8a6-422f-b6f9-fa20a72153d4,37
UUID=6b1e6355-c8a6-422f-b6f9-fa20a72153d4,39
UUID=6b1e6355-c8a6-422f-b6f9-fa20a72153d4,34
UUID=6b1e6355-c8a6-422f-b6f9-fa20a72153d4,36
UUID=6b1e6355-c8a6-422f-b6f9-fa20a72153d4,16
UUID=6b1e6355-c8a6-422f-b6f9-fa20a72153d4,21
UUID=6b1e6355-c8a6-422f-b6f9-fa20a72153d4,42
UUID=6b1e6355-c8a6-422f-b6f9-fa20a72153d4,39
UUID=6b1e6355-c8a6-422f-b6f9-fa20a72153d4,44
UUID=6b1e6355-c8a6-422f-b6f9-fa20a72153d4,45
UUID=6b1e6355-c8a6-422f-b6f9-fa20a72153d4,46
UUID=6b1e6355-c8a6-422f-b6f9-fa20a72153d4,53
UUID=6b1e6355-c8a6-422f-b6f9-fa20a72153d4,54
UUID=6b1e6355-c8a6-422f-b6f9-fa20a72153d4,45
UUID=6b1e6355-c8a6-422f-b6f9-fa20a72153d4,36
UUID=6b1e6355-c8a6-422f-b6f9-fa20a72153d4,39
UUID=6b1e6355-c8a6-422f-b6f9-fa20a72153d4,44
UUID=6b1e6355-c8a6-422f-b6f9-fa20a72153d4,94
UUID=6b1e6355-c8a6-422f-b6f9-fa20a72153d4,77
UUID=6b1e6355-c8a6-422f-b6f9-fa20a72153d4,0
UUID=6b1e6355-c8a6-422f-b6f9-fa20a72153d4,0
UUID=6b1e6355-c8a6-422f-b6f9-fa20a72153d4,0
UUID=6b1e6355-c8a6-422f-b6f9-fa20a72153d4,0
UUID=ab22bcbd-413f-4c2c-b6f9-3b04f4a38ad8,1
UUID=ab22bcbd-413f-4c2c-b6f9-3b04f4a38ad8,2
UUID=ab22bcbd-413f-4c2c-b6f9-3b04f4a38ad8,0
UUID=ab22bcbd-413f-4c2c-b6f9-3b04f4a38ad8,0
UUID=ab22bcbd-413f-4c2c-b6f9-3b04f4a38ad8,0
UUID=ab22bcbd-413f-4c2c-b6f9-3b04f4a38ad8,0
UUID=ab22bcbd-413f-4c2c-b6f9-3b04f4a38ad8,25
UUID=ab22bcbd-413f-4c2c-b6f9-3b04f4a38ad8,34
UUID=ab22bcbd-413f-4c2c-b6f9-3b04f4a38ad8,31
UUID=ab22bcbd-413f-4c2c-b6f9-3b04f4a38ad8,37
UUID=ab22bcbd-413f-4c2c-b6f9-3b04f4a38ad8,36
UUID=ab22bcbd-413f-4c2c-b6f9-3b04f4a38ad8,35
UUID=ab22bcbd-413f-4c2c-b6f9-3b04f4a38ad8,35
UUID=ab22bcbd-413f-4c2c-b6f9-3b04f4a38ad8,31
UUID=ab22bcbd-413f-4c2c-b6f9-3b04f4a38ad8,35
UUID=ab22bcbd-413f-4c2c-b6f9-3b04f4a38ad8,36
UUID=ab22bcbd-413f-4c2c-b6f9-3b04f4a38ad8,30
UUID=ab22bcbd-413f-4c2c-b6f9-3b04f4a38ad8,27
UUID=ab22bcbd-413f-4c2c-b6f9-3b04f4a38ad8,29
UUID=ab22bcbd-413f-4c2c-b6f9-3b04f4a38ad8,31
UUID=ab22bcbd-413f-4c2c-b6f9-3b04f4a38ad8,38
UUID=ab22bcbd-413f-4c2c-b6f9-3b04f4a38ad8,31
UUID=ab22bcbd-413f-4c2c-b6f9-3b04f4a38ad8,32
UUID=ab22bcbd-413f-4c2c-b6f9-3b04f4a38ad8,27
UUID=ab22bcbd-413f-4c2c-b6f9-3b04f4a38ad8,31
UUID=ab22bcbd-413f-4c2c-b6f9-3b04f4a38ad8,35
UUID=ab22bcbd-413f-4c2c-b6f9-3b04f4a38ad8,35
UUID=ab22bcbd-413f-4c2c-b6f9-3b04f4a38ad8,41
UUID=ab22bcbd-413f-4c2c-b6f9-3b04f4a38ad8,41
UUID=ab22bcbd-413f-4c2c-b6f9-3b04f4a38ad8,33
UUID=ab22bcbd-413f-4c2c-b6f9-3b04f4a38ad8,32
UUID=ab22bcbd-413f-4c2c-b6f9-3b04f4a38ad8,26
UUID=ab22bcbd-413f-4c2c-b6f9-3b04f4a38ad8,27
UUID=ab22bcbd-413f-4c2c-b6f9-3b04f4a38ad8,32
UUID=ab22bcbd-413f-4c2c-b6f9-3b04f4a38ad8,31
UUID=ab22bcbd-413f-4c2c-b6f9-3b04f4a38ad8,19
UUID=ab22bcbd-413f-4c2c-b6f9-3b04f4a38ad8,18
UUID=ab22bcbd-413f-4c2c-b6f9-3b04f4a38ad8,16
UUID=ab22bcbd-413f-4c2c-b6f9-3b04f4a38ad8,21
UUID=ab22bcbd-413f-4c2c-b6f9-3b04f4a38ad8,29
UUID=ab22bcbd-413f-4c2c-b6f9-3b04f4a38ad8,57
UUID=ab22bcbd-413f-4c2c-b6f9-3b04f4a38ad8,46
UUID=ab22bcbd-413f-4c2c-b6f9-3b04f4a38ad8,32
UUID=ab22bcbd-413f-4c2c-b6f9-3b04f4a38ad8,35
UUID=ab22bcbd-413f-4c2c-b6f9-3b04f4a38ad8,25
UUID=ab22bcbd-413f-4c2c-b6f9-3b04f4a38ad8,32
UUID=ab22bcbd-413f-4c2c-b6f9-3b04f4a38ad8,30
UUID=ab22bcbd-413f-4c2c-b6f9-3b04f4a38ad8,26
UUID=ab22bcbd-413f-4c2c-b6f9-3b04f4a38ad8,30
UUID=ab22bcbd-413f-4c2c-b6f9-3b04f4a38ad8,47
UUID=ab22bcbd-413f-4c2c-b6f9-3b04f4a38ad8,36
UUID=ab22bcbd-413f-4c2c-b6f9-3b04f4a38ad8,23
UUID=ab22bcbd-413f-4c2c-b6f9-3b04f4a38ad8,29
UUID=ab22bcbd-413f-4c2c-b6f9-3b04f4a38ad8,22
UUID=ab22bcbd-413f-4c2c-b6f9-3b04f4a38ad8,31
UUID=ab22bcbd-413f-4c2c-b6f9-3b04f4a38ad8,36
UUID=ab22bcbd-413f-4c2c-b6f9-3b04f4a38ad8,14
UUID=ab22bcbd-413f-4c2c-b6f9-3b04f4a38ad8,14
UUID=ab22bcbd-413f-4c2c-b6f9-3b04f4a38ad8,40
UUID=ab22bcbd-413f-4c2c-b6f9-3b04f4a38ad8,44
UUID=ab22bcbd-413f-4c2c-b6f9-3b04f4a38ad8,45
UUID=ab22bcbd-413f-4c2c-b6f9-3b04f4a38ad8,47
UUID=ab22bcbd-413f-4c2c-b6f9-3b04f4a38ad8,54
UUID=ab22bcbd-413f-4c2c-b6f9-3b04f4a38ad8,54
UUID=ab22bcbd-413f-4c2c-b6f9-3b04f4a38ad8,50
UUID=ab22bcbd-413f-4c2c-b6f9-3b04f4a38ad8,43
UUID=ab22bcbd-413f-4c2c-b6f9-3b04f4a38ad8,55
UUID=ab22bcbd-413f-4c2c-b6f9-3b04f4a38ad8,44
UUID=ab22bcbd-413f-4c2c-b6f9-3b04f4a38ad8,90
UUID=ab22bcbd-413f-4c2c-b6f9-3b04f4a38ad8,121
UUID=ab22bcbd-413f-4c2c-b6f9-3b04f4a38ad8,34
UUID=ab22bcbd-413f-4c2c-b6f9-3b04f4a38ad8,0
UUID=ab22bcbd-413f-4c2c-b6f9-3b04f4a38ad8,0
UUID=ab22bcbd-413f-4c2c-b6f9-3b04f4a38ad8,0
UUID=f8d3d4d2-8136-4a7f-bcc9-0d04d76a3307,0
UUID=f8d3d4d2-8136-4a7f-bcc9-0d04d76a3307,1
UUID=f8d3d4d2-8136-4a7f-bcc9-0d04d76a3307,0
UUID=f8d3d4d2-8136-4a7f-bcc9-0d04d76a3307,0
UUID=f8d3d4d2-8136-4a7f-bcc9-0d04d76a3307,0
UUID=f8d3d4d2-8136-4a7f-bcc9-0d04d76a3307,0
UUID=f8d3d4d2-8136-4a7f-bcc9-0d04d76a3307,30
UUID=f8d3d4d2-8136-4a7f-bcc9-0d04d76a3307,34
UUID=f8d3d4d2-8136-4a7f-bcc9-0d04d76a3307,31
UUID=f8d3d4d2-8136-4a7f-bcc9-0d04d76a3307,37
UUID=f8d3d4d2-8136-4a7f-bcc9-0d04d76a3307,36
UUID=f8d3d4d2-8136-4a7f-bcc9-0d04d76a3307,35
UUID=f8d3d4d2-8136-4a7f-bcc9-0d04d76a3307,35
UUID=f8d3d4d2-8136-4a7f-bcc9-0d04d76a3307,31
UUID=f8d3d4d2-8136-4a7f-bcc9-0d04d76a3307,35
UUID=f8d3d4d2-8136-4a7f-bcc9-0d04d76a3307,36
UUID=f8d3d4d2-8136-4a7f-bcc9-0d04d76a3307,32
UUID=f8d3d4d2-8136-4a7f-bcc9-0d04d76a3307,26
UUID=f8d3d4d2-8136-4a7f-bcc9-0d04d76a3307,30
UUID=f8d3d4d2-8136-4a7f-bcc9-0d04d76a3307,31
UUID=f8d3d4d2-8136-4a7f-bcc9-0d04d76a3307,37
UUID=f8d3d4d2-8136-4a7f-bcc9-0d04d76a3307,32
UUID=f8d3d4d2-8136-4a7f-bcc9-0d04d76a3307,32
UUID=f8d3d4d2-8136-4a7f-bcc9-0d04d76a3307,22
UUID=f8d3d4d2-8136-4a7f-bcc9-0d04d76a3307,33
UUID=f8d3d4d2-8136-4a7f-bcc9-0d04d76a3307,35
UUID=f8d3d4d2-8136-4a7f-bcc9-0d04d76a3307,36
UUID=f8d3d4d2-8136-4a7f-bcc9-0d04d76a3307,40
UUID=f8d3d4d2-8136-4a7f-bcc9-0d04d76a3307,42
UUID=f8d3d4d2-8136-4a7f-bcc9-0d04d76a3307,43
UUID=f8d3d4d2-8136-4a7f-bcc9-0d04d76a3307,40
UUID=f8d3d4d2-8136-4a7f-bcc9-0d04d76a3307,48
UUID=f8d3d4d2-8136-4a7f-bcc9-0d04d76a3307,48
UUID=f8d3d4d2-8136-4a7f-bcc9-0d04d76a3307,47
UUID=f8d3d4d2-8136-4a7f-bcc9-0d04d76a3307,46
UUID=f8d3d4d2-8136-4a7f-bcc9-0d04d76a3307,78
UUID=f8d3d4d2-8136-4a7f-bcc9-0d04d76a3307,40
UUID=f8d3d4d2-8136-4a7f-bcc9-0d04d76a3307,38
UUID=f8d3d4d2-8136-4a7f-bcc9-0d04d76a3307,31
UUID=f8d3d4d2-8136-4a7f-bcc9-0d04d76a3307,35
UUID=f8d3d4d2-8136-4a7f-bcc9-0d04d76a3307,39
UUID=f8d3d4d2-8136-4a7f-bcc9-0d04d76a3307,25
UUID=f8d3d4d2-8136-4a7f-bcc9-0d04d76a3307,33
UUID=f8d3d4d2-8136-4a7f-bcc9-0d04d76a3307,33
UUID=f8d3d4d2-8136-4a7f-bcc9-0d04d76a3307,38
UUID=f8d3d4d2-8136-4a7f-bcc9-0d04d76a3307,45
UUID=f8d3d4d2-8136-4a7f-bcc9-0d04d76a3307,37
UUID=f8d3d4d2-8136-4a7f-bcc9-0d04d76a3307,44
UUID=f8d3d4d2-8136-4a7f-bcc9-0d04d76a3307,42
UUID=f8d3d4d2-8136-4a7f-bcc9-0d04d76a3307,30
UUID=f8d3d4d2-8136-4a7f-bcc9-0d04d76a3307,42
UUID=f8d3d4d2-8136-4a7f-bcc9-0d04d76a3307,51
UUID=f8d3d4d2-8136-4a7f-bcc9-0d04d76a3307,50
UUID=f8d3d4d2-8136-4a7f-bcc9-0d04d76a3307,44
UUID=f8d3d4d2-8136-4a7f-bcc9-0d04d76a3307,40
UUID=f8d3d4d2-8136-4a7f-bcc9-0d04d76a3307,45
UUID=f8d3d4d2-8136-4a7f-bcc9-0d04d76a3307,50
UUID=f8d3d4d2-8136-4a7f-bcc9-0d04d76a3307,43
UUID=f8d3d4d2-8136-4a7f-bcc9-0d04d76a3307,36
UUID=f8d3d4d2-8136-4a7f-bcc9-0d04d76a3307,31
UUID=f8d3d4d2-8136-4a7f-bcc9-0d04d76a3307,19
UUID=f8d3d4d2-8136-4a7f-bcc9-0d04d76a3307,21
UUID=f8d3d4d2-8136-4a7f-bcc9-0d04d76a3307,22
UUID=f8d3d4d2-8136-4a7f-bcc9-0d04d76a3307,30
UUID=f8d3d4d2-8136-4a7f-bcc9-0d04d76a3307,46
UUID=f8d3d4d2-8136-4a7f-bcc9-0d04d76a3307,46
UUID=f8d3d4d2-8136-4a7f-bcc9-0d04d76a3307,15
UUID=f8d3d4d2-8136-4a7f-bcc9-0d04d76a3307,0
UUID=f8d3d4d2-8136-4a7f-bcc9-0d04d76a3307,0
UUID=f8d3d4d2-8136-4a7f-bcc9-0d04d76a3307,0
UUID=f8d3d4d2-8136-4a7f-bcc9-0d04d76a3307,0
UUID=f8d3d4d2-8136-4a7f-bcc9-0d04d76a3307,0
UUID=f8d3d4d2-8136-4a7f-bcc9-0d04d76a3307,0
UUID=f8d3d4d2-8136-4a7f-bcc9-0d04d76a3307,0
